DateTime,사용자,세션,신규방문자,페이지뷰
2020-11-09,3759,3837,956,97580
2020-11-10,2829,2822,652,66878
2020-11-11,2396,2409,542,55812
2020-11-12,2271,2277,521,53388
2020-11-13,1824,1792,391,41920
2020-11-14,1652,1625,339,37812
2020-11-15,1934,1920,405,44883
2020-11-16,2796,2785,677,68205
2020-11-17,2395,2363,552,55190
2020-11-18,2119,2088,466,47803
2020-11-19,1826,1793,375,40469
2020-11-20,1579,1558,301,33881
2020-11-21,1575,1573,297,32751
2020-11-22,1962,1961,421,41861
2020-11-23,2645,2637,666,61048
2020-11-24,2719,2691,701,62911
2020-11-25,2635,2585,674,60908
2020-11-26,2128,2030,521,46889
2020-11-27,1802,1732,413,38109
2020-11-28,1816,1809,411,39104
2020-11-29,3208,3266,863,79802
2020-11-30,3090,3136,840,76199
2020-12-01,2386,2411,609,55341
2020-12-02,2103,2046,514,44712
2020-12-03,2017,1883,466,38685
2020-12-04,1819,1754,395,34195
2020-12-05,1685,1727,356,37263
2020-12-06,3459,3532,860,90901
2020-12-07,3170,3080,814,80929
2020-12-08,3223,3140,806,82041
2020-12-09,3468,3424,859,84929
2020-12-10,2990,2954,687,67779
2020-12-11,2163,2128,470,49474
2020-12-12,1966,1968,462,49744
2020-12-13,4237,4304,1155,109389
2020-12-14,4575,4536,1279,119911
2020-12-15,4483,4461,1272,117059
2020-12-16,4797,4832,1404,124430
2020-12-17,3999,3995,1126,98870
2020-12-18,1497,1411,359,33970
2020-12-19,1516,1535,339,40146
2020-12-20,4601,4751,1230,119270
2020-12-21,3050,3011,714,71379
2020-12-22,2461,2453,553,56549
2020-12-23,2384,2382,552,55960
2020-12-24,2054,2025,456,47593
2020-12-25,1589,1550,323,35639
2020-12-26,1757,1753,357,40168
2020-12-27,3007,3019,744,74489
2020-12-28,2536,2515,593,58885
2020-12-29,2253,2233,508,51339
2020-12-30,2016,1991,434,45553
2020-12-31,1593,1565,308,34843
2021-01-01,1494,1492,278,31753
2021-01-02,1694,1701,336,35571
2021-01-03,2539,2542,621,58598
2021-01-04,2348,2287,586,53544
2021-01-05,1794,1720,416,38299
2021-01-06,1695,1688,377,36133
2021-01-07,2576,2628,646,61178
2021-01-08,3460,3526,953,87133
